{
  "deny": {
    "precision": 0.4,
    "recall": 0.3333333333333333,
    "f1-score": 0.3636363636363636,
    "support": 6,
    "confused_with": {
      "saludo": 1,
      "con_superar_fatiga": 1
    }
  },
  "con_sintomas_c_cervical": {
    "precision": 0.5,
    "recall": 1.0,
    "f1-score": 0.6666666666666666,
    "support": 5,
    "confused_with": {}
  },
  "goodbye": {
    "precision": 0.6666666666666666,
    "recall": 0.4,
    "f1-score": 0.5,
    "support": 5,
    "confused_with": {
      "saludo": 2,
      "deny": 1
    }
  },
  "saludo": {
    "precision": 0.6666666666666666,
    "recall": 0.8,
    "f1-score": 0.7272727272727272,
    "support": 10,
    "confused_with": {
      "deny": 2
    }
  },
  "con_fatiga": {
    "precision": 0.6,
    "recall": 1.0,
    "f1-score": 0.7499999999999999,
    "support": 6,
    "confused_with": {}
  },
  "affirm": {
    "precision": 0.5,
    "recall": 0.16666666666666666,
    "f1-score": 0.25,
    "support": 6,
    "confused_with": {
      "saludo": 1,
      "goodbye": 1,
      "con_sintomas_c_cervical": 1
    }
  },
  "bot_challenge": {
    "precision": 0.8571428571428571,
    "recall": 1.0,
    "f1-score": 0.923076923076923,
    "support": 6,
    "confused_with": {}
  },
  "con_normalidad": {
    "precision": 1.0,
    "recall": 0.8,
    "f1-score": 0.888888888888889,
    "support": 5,
    "confused_with": {
      "con_sintomas_c_cervical": 1
    }
  },
  "con_c_hereditario": {
    "precision": 1.0,
    "recall": 0.7142857142857143,
    "f1-score": 0.8333333333333333,
    "support": 7,
    "confused_with": {
      "con_sintomas_c_cervical": 2
    }
  },
  "con_superar_fatiga": {
    "precision": 0.6666666666666666,
    "recall": 0.4,
    "f1-score": 0.5,
    "support": 5,
    "confused_with": {
      "con_fatiga": 2,
      "con_sintomas_c_cervical": 1
    }
  },
  "accuracy": 0.6721311475409836,
  "macro avg": {
    "precision": 0.6857142857142857,
    "recall": 0.6614285714285715,
    "f1-score": 0.6402874902874902,
    "support": 61
  },
  "weighted avg": {
    "precision": 0.6881342701014832,
    "recall": 0.6721311475409836,
    "f1-score": 0.6492478377724279,
    "support": 61
  }
}