{
  "utter_cheer_up": {
    "precision": 0.0,
    "recall": 0.0,
    "f1-score": 0.0,
    "support": 3
  },
  "utter_happy": {
    "precision": 0.0,
    "recall": 0.0,
    "f1-score": 0.0,
    "support": 3
  },
  "utter_goodbye": {
    "precision": 1.0,
    "recall": 0.5,
    "f1-score": 0.6666666666666666,
    "support": 4
  },
  "utter_iamabot": {
    "precision": 1.0,
    "recall": 1.0,
    "f1-score": 1.0,
    "support": 1
  },
  "utter_greet": {
    "precision": 0.0,
    "recall": 0.0,
    "f1-score": 0.0,
    "support": 5
  },
  "action_listen": {
    "precision": 0.7272727272727273,
    "recall": 1.0,
    "f1-score": 0.8421052631578948,
    "support": 16
  },
  "utter_did_that_help": {
    "precision": 0.0,
    "recall": 0.0,
    "f1-score": 0.0,
    "support": 3
  },
  "micro avg": {
    "precision": 0.76,
    "recall": 0.5428571428571428,
    "f1-score": 0.6333333333333332,
    "support": 35
  },
  "macro avg": {
    "precision": 0.38961038961038963,
    "recall": 0.35714285714285715,
    "f1-score": 0.3583959899749373,
    "support": 35
  },
  "weighted avg": {
    "precision": 0.4753246753246753,
    "recall": 0.5428571428571428,
    "f1-score": 0.4897243107769424,
    "support": 35
  }
}