{
  "deny": {
    "precision": 0.625,
    "recall": 0.8333333333333334,
    "f1-score": 0.7142857142857143,
    "support": 6,
    "confused_with": {
      "affirm": 1
    }
  },
  "con_superar_fatiga": {
    "precision": 0.6666666666666666,
    "recall": 0.4,
    "f1-score": 0.5,
    "support": 5,
    "confused_with": {
      "deny": 1,
      "bot_challenge": 1
    }
  },
  "con_sintomas_c_cervical": {
    "precision": 0.8333333333333334,
    "recall": 1.0,
    "f1-score": 0.9090909090909091,
    "support": 5,
    "confused_with": {}
  },
  "goodbye": {
    "precision": 1.0,
    "recall": 1.0,
    "f1-score": 1.0,
    "support": 5,
    "confused_with": {}
  },
  "affirm": {
    "precision": 0.6666666666666666,
    "recall": 1.0,
    "f1-score": 0.8,
    "support": 6,
    "confused_with": {}
  },
  "con_fatiga": {
    "precision": 1.0,
    "recall": 0.5,
    "f1-score": 0.6666666666666666,
    "support": 6,
    "confused_with": {
      "deny": 2,
      "affirm": 1
    }
  },
  "con_c_hereditario": {
    "precision": 1.0,
    "recall": 0.2857142857142857,
    "f1-score": 0.4444444444444445,
    "support": 7,
    "confused_with": {
      "con_normalidad": 3,
      "con_superar_fatiga": 1
    }
  },
  "saludo": {
    "precision": 0.9090909090909091,
    "recall": 1.0,
    "f1-score": 0.9523809523809523,
    "support": 10,
    "confused_with": {}
  },
  "con_normalidad": {
    "precision": 0.625,
    "recall": 1.0,
    "f1-score": 0.7692307692307693,
    "support": 5,
    "confused_with": {}
  },
  "bot_challenge": {
    "precision": 0.8333333333333334,
    "recall": 0.8333333333333334,
    "f1-score": 0.8333333333333334,
    "support": 6,
    "confused_with": {
      "saludo": 1
    }
  },
  "accuracy": 0.7868852459016393,
  "macro avg": {
    "precision": 0.815909090909091,
    "recall": 0.7852380952380952,
    "f1-score": 0.758943278943279,
    "support": 61
  },
  "weighted avg": {
    "precision": 0.8273099850968704,
    "recall": 0.7868852459016393,
    "f1-score": 0.7641351362662838,
    "support": 61
  }
}